{"settId": 1006651, "setUrl": "https://www.iqon.jp/sets/1006651", "likeCount": "169", "items": [{"imgUrl": "https://img.iqon.jp/items/6110788/6110788_m.jpg", "price": "\u00a56,048"}, {"imgUrl": "https://img.iqon.jp/items/5622143/5622143_m.jpg", "price": "\u00a55,990"}, {"imgUrl": "https://img.iqon.jp/items/5476820/5476820_m.jpg", "price": "\u00a56,264"}, {"imgUrl": "https://img.iqon.jp/items/5824385/5824385_m.jpg", "price": "\u00a522,680"}, {"imgUrl": "https://img.iqon.jp/items/5873532/5873532_m.jpg", "price": "\u00a513,824"}]}