{"settId": 1026703, "setUrl": "https://www.iqon.jp/sets/1026703", "likeCount": "158", "items": [{"imgUrl": "https://img.iqon.jp/items/2811517/2811517_m.jpg", "price": "\u00a59,936"}, {"imgUrl": "https://img.iqon.jp/items/2577861/2577861_m.jpg", "price": "\u00a511,550"}, {"imgUrl": "https://img.iqon.jp/items/2590412/2590412_m.jpg", "price": "\u00a561,560"}, {"imgUrl": "https://img.iqon.jp/items/2595397/2595397_m.jpg", "price": "\u00a53,990"}, {"imgUrl": "https://img.iqon.jp/items/2858978/2858978_m.jpg", "price": "\u00a55,184"}]}