{"settId": 1067942, "setUrl": "https://www.iqon.jp/sets/1067942", "likeCount": "169", "items": [{"imgUrl": "https://img.iqon.jp/items/2583319/2583319_m.jpg", "price": "\u00a59,975"}, {"imgUrl": "https://img.iqon.jp/items/2590400/2590400_m.jpg", "price": "\u00a566,960"}, {"imgUrl": "https://img.iqon.jp/items/2595339/2595339_m.jpg", "price": "\u00a51,470"}, {"imgUrl": "https://img.iqon.jp/items/2596073/2596073_m.jpg", "price": "\u00a53,024"}, {"imgUrl": "https://img.iqon.jp/items/2571314/2571314_m.jpg", "price": "\u00a53,675"}]}