{"settId": 1084357, "setUrl": "https://www.iqon.jp/sets/1084357", "likeCount": "338", "items": [{"imgUrl": "https://img.iqon.jp/items/2612423/2612423_m.jpg", "price": "\u00a511,664"}, {"imgUrl": "https://img.iqon.jp/items/2622527/2622527_m.jpg", "price": "\u00a51,209"}, {"imgUrl": "https://img.iqon.jp/items/2600876/2600876_m.jpg", "price": "\u00a541,040"}, {"imgUrl": "https://img.iqon.jp/items/2612382/2612382_m.jpg", "price": "\u00a51,575"}, {"imgUrl": "https://img.iqon.jp/items/2618447/2618447_m.jpg", "price": "\u00a52,980"}]}