{"settId": 1102828, "setUrl": "https://www.iqon.jp/sets/1102828", "likeCount": "309", "items": [{"imgUrl": "https://img.iqon.jp/items/2672400/2672400_m.jpg", "price": "\u00a53,075"}, {"imgUrl": "https://img.iqon.jp/items/2672403/2672403_m.jpg", "price": "\u00a53,075"}, {"imgUrl": "https://img.iqon.jp/items/2636877/2636877_m.jpg", "price": "\u00a55,980"}, {"imgUrl": "https://img.iqon.jp/items/2583450/2583450_m.jpg", "price": "\u00a511,550"}, {"imgUrl": "https://img.iqon.jp/items/2587798/2587798_m.jpg", "price": "\u00a52,625"}]}