{"settId": 1108160, "setUrl": "https://www.iqon.jp/sets/1108160", "likeCount": "316", "items": [{"imgUrl": "https://img.iqon.jp/items/1440016/1440016_m.jpg", "price": "\u00a516,800"}, {"imgUrl": "https://img.iqon.jp/items/2626335/2626335_m.jpg", "price": "\u00a57,020"}, {"imgUrl": "https://img.iqon.jp/items/2650996/2650996_m.jpg", "price": "\u00a51,999"}, {"imgUrl": "https://img.iqon.jp/items/2697663/2697663_m.jpg", "price": "\u00a56,161"}, {"imgUrl": "https://img.iqon.jp/items/2624988/2624988_m.jpg", "price": "\u00a51,764"}]}