{"settId": 1110871, "setUrl": "https://www.iqon.jp/sets/1110871", "likeCount": "884", "items": [{"imgUrl": "https://img.iqon.jp/items/2632990/2632990_m.jpg", "price": "\u00a56,980"}, {"imgUrl": "https://img.iqon.jp/items/2706238/2706238_m.jpg", "price": "\u00a56,930"}, {"imgUrl": "https://img.iqon.jp/items/2701008/2701008_m.jpg", "price": "\u00a52,380"}, {"imgUrl": "https://img.iqon.jp/items/2587798/2587798_m.jpg", "price": "\u00a52,625"}, {"imgUrl": "https://img.iqon.jp/items/2580480/2580480_m.jpg", "price": "\u00a54,860"}]}