{"settId": 1110066, "setUrl": "https://www.iqon.jp/sets/1110066", "likeCount": "241", "items": [{"imgUrl": "https://img.iqon.jp/items/2596515/2596515_m.jpg", "price": "\u00a510,260"}, {"imgUrl": "https://img.iqon.jp/items/2682875/2682875_m.jpg", "price": "\u00a516,200"}, {"imgUrl": "https://img.iqon.jp/items/2700338/2700338_m.jpg", "price": "\u00a59,936"}, {"imgUrl": "https://img.iqon.jp/items/2682399/2682399_m.jpg", "price": "\u00a52,052"}, {"imgUrl": "https://img.iqon.jp/items/2682402/2682402_m.jpg", "price": "\u00a52,052"}]}