{"settId": 1110315, "setUrl": "https://www.iqon.jp/sets/1110315", "likeCount": "324", "items": [{"imgUrl": "https://img.iqon.jp/items/2700468/2700468_m.jpg", "price": "\u00a56,930"}, {"imgUrl": "https://img.iqon.jp/items/2689378/2689378_m.jpg", "price": "\u00a55,990"}, {"imgUrl": "https://img.iqon.jp/items/2701685/2701685_m.jpg", "price": "\u00a510,800"}, {"imgUrl": "https://img.iqon.jp/items/2703041/2703041_m.jpg", "price": "\u00a510,500"}, {"imgUrl": "https://img.iqon.jp/items/2697145/2697145_m.jpg", "price": "\u00a51,680"}]}