{"settId": 1111443, "setUrl": "https://www.iqon.jp/sets/1111443", "likeCount": "318", "items": [{"imgUrl": "https://img.iqon.jp/items/2656618/2656618_m.jpg", "price": "\u00a516,590"}, {"imgUrl": "https://img.iqon.jp/items/2631446/2631446_m.jpg", "price": "\u00a516,800"}, {"imgUrl": "https://img.iqon.jp/items/2655349/2655349_m.jpg", "price": "\u00a52,430"}, {"imgUrl": "https://img.iqon.jp/items/2685465/2685465_m.jpg", "price": "\u00a51,944"}, {"imgUrl": "https://img.iqon.jp/items/2704341/2704341_m.jpg", "price": "\u00a52,484"}]}