{"settId": 1119694, "setUrl": "https://www.iqon.jp/sets/1119694", "likeCount": "426", "items": [{"imgUrl": "https://img.iqon.jp/items/2692020/2692020_m.jpg", "price": "\u00a53,290"}, {"imgUrl": "https://img.iqon.jp/items/2682889/2682889_m.jpg", "price": "\u00a514,040"}, {"imgUrl": "https://img.iqon.jp/items/2717449/2717449_m.jpg", "price": "\u00a5453"}, {"imgUrl": "https://img.iqon.jp/items/2720473/2720473_m.jpg", "price": "\u00a57,140"}, {"imgUrl": "https://img.iqon.jp/items/2590732/2590732_m.jpg", "price": "\u00a53,150"}, {"imgUrl": "https://img.iqon.jp/items/2719138/2719138_m.jpg", "price": "\u00a51,575"}, {"imgUrl": "https://img.iqon.jp/items/2721313/2721313_m.jpg", "price": "\u00a519,440"}]}