{"settId": 1120053, "setUrl": "https://www.iqon.jp/sets/1120053", "likeCount": "187", "items": [{"imgUrl": "https://img.iqon.jp/items/2739120/2739120_m.jpg", "price": "\u00a53,465"}, {"imgUrl": "https://img.iqon.jp/items/2746324/2746324_m.jpg", "price": "\u00a517,000"}, {"imgUrl": "https://img.iqon.jp/items/2748484/2748484_m.jpg", "price": "\u00a51,890"}, {"imgUrl": "https://img.iqon.jp/items/2673882/2673882_m.jpg", "price": "\u00a536,720"}, {"imgUrl": "https://img.iqon.jp/items/2738648/2738648_m.jpg", "price": "\u00a51,470"}]}