{"settId": 1124234, "setUrl": "https://www.iqon.jp/sets/1124234", "likeCount": "341", "items": [{"imgUrl": "https://img.iqon.jp/items/2739218/2739218_m.jpg", "price": "\u00a56,930"}, {"imgUrl": "https://img.iqon.jp/items/2717441/2717441_m.jpg", "price": "\u00a53,510"}, {"imgUrl": "https://img.iqon.jp/items/2631350/2631350_m.jpg", "price": "\u00a57,452"}, {"imgUrl": "https://img.iqon.jp/items/2676000/2676000_m.jpg", "price": "\u00a52,700"}, {"imgUrl": "https://img.iqon.jp/items/2683471/2683471_m.jpg", "price": "\u00a528,000"}]}