{"settId": 1124798, "setUrl": "https://www.iqon.jp/sets/1124798", "likeCount": "215", "items": [{"imgUrl": "https://img.iqon.jp/items/2682929/2682929_m.jpg", "price": "\u00a514,040"}, {"imgUrl": "https://img.iqon.jp/items/2733119/2733119_m.jpg", "price": "\u00a55,184"}, {"imgUrl": "https://img.iqon.jp/items/2756402/2756402_m.jpg", "price": "\u00a52,989"}, {"imgUrl": "https://img.iqon.jp/items/2681112/2681112_m.jpg", "price": "\u00a527,000"}, {"imgUrl": "https://img.iqon.jp/items/2756199/2756199_m.jpg", "price": "\u00a51,289"}, {"imgUrl": "https://img.iqon.jp/items/2758179/2758179_m.jpg", "price": "\u00a512,600"}]}