{"settId": 1124198, "setUrl": "https://www.iqon.jp/sets/1124198", "likeCount": "244", "items": [{"imgUrl": "https://img.iqon.jp/items/2868701/2868701_m.jpg", "price": "\u00a51,998"}, {"imgUrl": "https://img.iqon.jp/items/2851316/2851316_m.jpg", "price": "\u00a520,520"}, {"imgUrl": "https://img.iqon.jp/items/2712239/2712239_m.jpg", "price": "\u00a529,700"}, {"imgUrl": "https://img.iqon.jp/items/2682877/2682877_m.jpg", "price": "\u00a59,720"}, {"imgUrl": "https://img.iqon.jp/items/2870153/2870153_m.jpg", "price": "\u00a53,780"}]}