{"settId": 1124178, "setUrl": "https://www.iqon.jp/sets/1124178", "likeCount": "404", "items": [{"imgUrl": "https://img.iqon.jp/items/2594704/2594704_m.jpg", "price": "\u00a56,930"}, {"imgUrl": "https://img.iqon.jp/items/2729865/2729865_m.jpg", "price": "\u00a55,292"}, {"imgUrl": "https://img.iqon.jp/items/2747277/2747277_m.jpg", "price": "\u00a519,440"}, {"imgUrl": "https://img.iqon.jp/items/2721332/2721332_m.jpg", "price": "\u00a51,995"}, {"imgUrl": "https://img.iqon.jp/items/2721189/2721189_m.jpg", "price": "\u00a5515"}]}