{"settId": 1126452, "setUrl": "https://www.iqon.jp/sets/1126452", "likeCount": "345", "items": [{"imgUrl": "https://img.iqon.jp/items/2738414/2738414_m.jpg", "price": "\u00a51,260"}, {"imgUrl": "https://img.iqon.jp/items/2761874/2761874_m.jpg", "price": "\u00a58,532"}, {"imgUrl": "https://img.iqon.jp/items/2760751/2760751_m.jpg", "price": "\u00a52,940"}, {"imgUrl": "https://img.iqon.jp/items/2729863/2729863_m.jpg", "price": "\u00a55,292"}, {"imgUrl": "https://img.iqon.jp/items/2751954/2751954_m.jpg", "price": "\u00a56,696"}]}