{"settId": 1126615, "setUrl": "https://www.iqon.jp/sets/1126615", "likeCount": "179", "items": [{"imgUrl": "https://img.iqon.jp/items/2740128/2740128_m.jpg", "price": "\u00a513,650"}, {"imgUrl": "https://img.iqon.jp/items/2761118/2761118_m.jpg", "price": "\u00a54,580"}, {"imgUrl": "https://img.iqon.jp/items/2746557/2746557_m.jpg", "price": "\u00a52,415"}, {"imgUrl": "https://img.iqon.jp/items/2761071/2761071_m.jpg", "price": "\u00a55,981"}, {"imgUrl": "https://img.iqon.jp/items/2749748/2749748_m.jpg", "price": "\u00a52,052"}]}