{"settId": 1129029, "setUrl": "https://www.iqon.jp/sets/1129029", "likeCount": "345", "items": [{"imgUrl": "https://img.iqon.jp/items/2718042/2718042_m.jpg", "price": "\u00a59,612"}, {"imgUrl": "https://img.iqon.jp/items/2598791/2598791_m.jpg", "price": "\u00a519,950"}, {"imgUrl": "https://img.iqon.jp/items/2745227/2745227_m.jpg", "price": "\u00a55,076"}, {"imgUrl": "https://img.iqon.jp/items/2739241/2739241_m.jpg", "price": "\u00a515,984"}, {"imgUrl": "https://img.iqon.jp/items/2686992/2686992_m.jpg", "price": "\u00a53,780"}]}