{"settId": 1138569, "setUrl": "https://www.iqon.jp/sets/1138569", "likeCount": "416", "items": [{"imgUrl": "https://img.iqon.jp/items/2628382/2628382_m.jpg", "price": "\u00a518,360"}, {"imgUrl": "https://img.iqon.jp/items/2796801/2796801_m.jpg", "price": "\u00a55,184"}, {"imgUrl": "https://img.iqon.jp/items/2788643/2788643_m.jpg", "price": "\u00a51,512"}, {"imgUrl": "https://img.iqon.jp/items/2794611/2794611_m.jpg", "price": "\u00a57,875"}, {"imgUrl": "https://img.iqon.jp/items/2672789/2672789_m.jpg", "price": "\u00a52,980"}]}