{"settId": 1138897, "setUrl": "https://www.iqon.jp/sets/1138897", "likeCount": "233", "items": [{"imgUrl": "https://img.iqon.jp/items/2724659/2724659_m.jpg", "price": "\u00a52,768"}, {"imgUrl": "https://img.iqon.jp/items/2668778/2668778_m.jpg", "price": "\u00a52,940"}, {"imgUrl": "https://img.iqon.jp/items/2811029/2811029_m.jpg", "price": "\u00a516,200"}, {"imgUrl": "https://img.iqon.jp/items/2702146/2702146_m.jpg", "price": "\u00a55,133"}, {"imgUrl": "https://img.iqon.jp/items/2571455/2571455_m.jpg", "price": "\u00a51,995"}, {"imgUrl": "https://img.iqon.jp/items/2805497/2805497_m.jpg", "price": "\u00a51,080"}]}