{"settId": 1141354, "setUrl": "https://www.iqon.jp/sets/1141354", "likeCount": "439", "items": [{"imgUrl": "https://img.iqon.jp/items/2619436/2619436_m.jpg", "price": "\u00a53,990"}, {"imgUrl": "https://img.iqon.jp/items/2711399/2711399_m.jpg", "price": "\u00a52,940"}, {"imgUrl": "https://img.iqon.jp/items/2803756/2803756_m.jpg", "price": "\u00a5950"}, {"imgUrl": "https://img.iqon.jp/items/2631250/2631250_m.jpg", "price": "\u00a512,600"}, {"imgUrl": "https://img.iqon.jp/items/2812275/2812275_m.jpg", "price": "\u00a51,166"}, {"imgUrl": "https://img.iqon.jp/items/2811646/2811646_m.jpg", "price": "\u00a52,436"}]}