{"settId": 1141787, "setUrl": "https://www.iqon.jp/sets/1141787", "likeCount": "251", "items": [{"imgUrl": "https://img.iqon.jp/items/2786595/2786595_m.jpg", "price": "\u00a534,560"}, {"imgUrl": "https://img.iqon.jp/items/2811147/2811147_m.jpg", "price": "\u00a515,660"}, {"imgUrl": "https://img.iqon.jp/items/2813389/2813389_m.jpg", "price": "\u00a56,090"}, {"imgUrl": "https://img.iqon.jp/items/2802317/2802317_m.jpg", "price": "\u00a5529"}, {"imgUrl": "https://img.iqon.jp/items/2818028/2818028_m.jpg", "price": "\u00a57,245"}]}