{"settId": 1141413, "setUrl": "https://www.iqon.jp/sets/1141413", "likeCount": "736", "items": [{"imgUrl": "https://img.iqon.jp/items/2815203/2815203_m.jpg", "price": "\u00a511,880"}, {"imgUrl": "https://img.iqon.jp/items/2768331/2768331_m.jpg", "price": "\u00a54,990"}, {"imgUrl": "https://img.iqon.jp/items/2807694/2807694_m.jpg", "price": "\u00a54,212"}, {"imgUrl": "https://img.iqon.jp/items/2807293/2807293_m.jpg", "price": "\u00a510,584"}, {"imgUrl": "https://img.iqon.jp/items/2812520/2812520_m.jpg", "price": "\u00a52,484"}]}