{"settId": 1141976, "setUrl": "https://www.iqon.jp/sets/1141976", "likeCount": "226", "items": [{"imgUrl": "https://img.iqon.jp/items/2789045/2789045_m.jpg", "price": "\u00a51,296"}, {"imgUrl": "https://img.iqon.jp/items/2734527/2734527_m.jpg", "price": "\u00a530,240"}, {"imgUrl": "https://img.iqon.jp/items/2775746/2775746_m.jpg", "price": "\u00a534,560"}, {"imgUrl": "https://img.iqon.jp/items/2814640/2814640_m.jpg", "price": "\u00a537,800"}, {"imgUrl": "https://img.iqon.jp/items/2819261/2819261_m.jpg", "price": "\u00a54,200"}]}