{"settId": 1141205, "setUrl": "https://www.iqon.jp/sets/1141205", "likeCount": "266", "items": [{"imgUrl": "https://img.iqon.jp/items/2811147/2811147_m.jpg", "price": "\u00a515,660"}, {"imgUrl": "https://img.iqon.jp/items/2812584/2812584_m.jpg", "price": "\u00a516,200"}, {"imgUrl": "https://img.iqon.jp/items/2808518/2808518_m.jpg", "price": "\u00a52,052"}, {"imgUrl": "https://img.iqon.jp/items/2814673/2814673_m.jpg", "price": "\u00a523,760"}, {"imgUrl": "https://img.iqon.jp/items/2814210/2814210_m.jpg", "price": "\u00a54,095"}]}