{"settId": 1143705, "setUrl": "https://www.iqon.jp/sets/1143705", "likeCount": "189", "items": [{"imgUrl": "https://img.iqon.jp/items/2768325/2768325_m.jpg", "price": "\u00a56,990"}, {"imgUrl": "https://img.iqon.jp/items/2712242/2712242_m.jpg", "price": "\u00a525,920"}, {"imgUrl": "https://img.iqon.jp/items/2599477/2599477_m.jpg", "price": "\u00a513,650"}, {"imgUrl": "https://img.iqon.jp/items/2801941/2801941_m.jpg", "price": "\u00a53,240"}, {"imgUrl": "https://img.iqon.jp/items/2636380/2636380_m.jpg", "price": "\u00a55,940"}]}