{"settId": 1144205, "setUrl": "https://www.iqon.jp/sets/1144205", "likeCount": "170", "items": [{"imgUrl": "https://img.iqon.jp/items/2612422/2612422_m.jpg", "price": "\u00a511,664"}, {"imgUrl": "https://img.iqon.jp/items/2826683/2826683_m.jpg", "price": "\u00a530,240"}, {"imgUrl": "https://img.iqon.jp/items/2830119/2830119_m.jpg", "price": "\u00a51,200"}, {"imgUrl": "https://img.iqon.jp/items/2829105/2829105_m.jpg", "price": "\u00a59,975"}, {"imgUrl": "https://img.iqon.jp/items/2821023/2821023_m.jpg", "price": "\u00a54,104"}]}