{"settId": 1146462, "setUrl": "https://www.iqon.jp/sets/1146462", "likeCount": "243", "items": [{"imgUrl": "https://img.iqon.jp/items/2717961/2717961_m.jpg", "price": "\u00a59,720"}, {"imgUrl": "https://img.iqon.jp/items/2823423/2823423_m.jpg", "price": "\u00a54,860"}, {"imgUrl": "https://img.iqon.jp/items/2817483/2817483_m.jpg", "price": "\u00a522,680"}, {"imgUrl": "https://img.iqon.jp/items/2691865/2691865_m.jpg", "price": "\u00a59,975"}, {"imgUrl": "https://img.iqon.jp/items/2816822/2816822_m.jpg", "price": "\u00a54,320"}]}