{"settId": 1148851, "setUrl": "https://www.iqon.jp/sets/1148851", "likeCount": "164", "items": [{"imgUrl": "https://img.iqon.jp/items/2838998/2838998_m.jpg", "price": "\u00a514,364"}, {"imgUrl": "https://img.iqon.jp/items/2812572/2812572_m.jpg", "price": "\u00a516,200"}, {"imgUrl": "https://img.iqon.jp/items/2839989/2839989_m.jpg", "price": "\u00a53,990"}, {"imgUrl": "https://img.iqon.jp/items/2841320/2841320_m.jpg", "price": "\u00a54,320"}, {"imgUrl": "https://img.iqon.jp/items/2836560/2836560_m.jpg", "price": "\u00a517,280"}]}