{"settId": 1148772, "setUrl": "https://www.iqon.jp/sets/1148772", "likeCount": "199", "items": [{"imgUrl": "https://img.iqon.jp/items/2809340/2809340_m.jpg", "price": "\u00a512,960"}, {"imgUrl": "https://img.iqon.jp/items/2836390/2836390_m.jpg", "price": "\u00a511,340"}, {"imgUrl": "https://img.iqon.jp/items/2809309/2809309_m.jpg", "price": "\u00a516,200"}, {"imgUrl": "https://img.iqon.jp/items/2840456/2840456_m.jpg", "price": "\u00a53,240"}, {"imgUrl": "https://img.iqon.jp/items/2839307/2839307_m.jpg", "price": "\u00a53,780"}]}