{"settId": 1149735, "setUrl": "https://www.iqon.jp/sets/1149735", "likeCount": "272", "items": [{"imgUrl": "https://img.iqon.jp/items/2843215/2843215_m.jpg", "price": "\u00a5939"}, {"imgUrl": "https://img.iqon.jp/items/2716758/2716758_m.jpg", "price": "\u00a5463"}, {"imgUrl": "https://img.iqon.jp/items/2830987/2830987_m.jpg", "price": "\u00a52,310"}, {"imgUrl": "https://img.iqon.jp/items/2843432/2843432_m.jpg", "price": "\u00a51,555"}, {"imgUrl": "https://img.iqon.jp/items/2843237/2843237_m.jpg", "price": "\u00a51,879"}]}