{"settId": 1152838, "setUrl": "https://www.iqon.jp/sets/1152838", "likeCount": "227", "items": [{"imgUrl": "https://img.iqon.jp/items/2851481/2851481_m.jpg", "price": "\u00a514,040"}, {"imgUrl": "https://img.iqon.jp/items/2851501/2851501_m.jpg", "price": "\u00a514,040"}, {"imgUrl": "https://img.iqon.jp/items/2829105/2829105_m.jpg", "price": "\u00a59,975"}, {"imgUrl": "https://img.iqon.jp/items/2846082/2846082_m.jpg", "price": "\u00a51,995"}, {"imgUrl": "https://img.iqon.jp/items/2851536/2851536_m.jpg", "price": "\u00a59,504"}]}