{"settId": 1156547, "setUrl": "https://www.iqon.jp/sets/1156547", "likeCount": "151", "items": [{"imgUrl": "https://img.iqon.jp/items/2859009/2859009_m.jpg", "price": "\u00a59,072"}, {"imgUrl": "https://img.iqon.jp/items/2738179/2738179_m.jpg", "price": "\u00a57,980"}, {"imgUrl": "https://img.iqon.jp/items/2768383/2768383_m.jpg", "price": "\u00a59,980"}, {"imgUrl": "https://img.iqon.jp/items/2828915/2828915_m.jpg", "price": "\u00a516,800"}, {"imgUrl": "https://img.iqon.jp/items/2860008/2860008_m.jpg", "price": "\u00a54,410"}]}