{"settId": 1157889, "setUrl": "https://www.iqon.jp/sets/1157889", "likeCount": "154", "items": [{"imgUrl": "https://img.iqon.jp/items/2809654/2809654_m.jpg", "price": "\u00a58,640"}, {"imgUrl": "https://img.iqon.jp/items/2862875/2862875_m.jpg", "price": "\u00a57,189"}, {"imgUrl": "https://img.iqon.jp/items/2860762/2860762_m.jpg", "price": "\u00a5515"}, {"imgUrl": "https://img.iqon.jp/items/2863149/2863149_m.jpg", "price": "\u00a52,592"}, {"imgUrl": "https://img.iqon.jp/items/2859491/2859491_m.jpg", "price": "\u00a54,725"}, {"imgUrl": "https://img.iqon.jp/items/2755051/2755051_m.jpg", "price": "\u00a52,989"}]}