{"settId": 1157831, "setUrl": "https://www.iqon.jp/sets/1157831", "likeCount": "235", "items": [{"imgUrl": "https://img.iqon.jp/items/2814614/2814614_m.jpg", "price": "\u00a534,560"}, {"imgUrl": "https://img.iqon.jp/items/2843280/2843280_m.jpg", "price": "\u00a52,940"}, {"imgUrl": "https://img.iqon.jp/items/2862274/2862274_m.jpg", "price": "\u00a53,998"}, {"imgUrl": "https://img.iqon.jp/items/2824864/2824864_m.jpg", "price": "\u00a52,091"}, {"imgUrl": "https://img.iqon.jp/items/2861190/2861190_m.jpg", "price": "\u00a54,095"}, {"imgUrl": "https://img.iqon.jp/items/2861154/2861154_m.jpg", "price": "\u00a59,975"}, {"imgUrl": "https://img.iqon.jp/items/2858495/2858495_m.jpg", "price": "\u00a51,620"}, {"imgUrl": "https://img.iqon.jp/items/2849797/2849797_m.jpg", "price": "\u00a52,982"}]}