{"settId": 1159944, "setUrl": "https://www.iqon.jp/sets/1159944", "likeCount": "170", "items": [{"imgUrl": "https://img.iqon.jp/items/2788529/2788529_m.jpg", "price": "\u00a52,970"}, {"imgUrl": "https://img.iqon.jp/items/2851691/2851691_m.jpg", "price": "\u00a516,740"}, {"imgUrl": "https://img.iqon.jp/items/2866155/2866155_m.jpg", "price": "\u00a55,775"}, {"imgUrl": "https://img.iqon.jp/items/2718992/2718992_m.jpg", "price": "\u00a518,900"}, {"imgUrl": "https://img.iqon.jp/items/2851379/2851379_m.jpg", "price": "\u00a523,760"}]}