{"settId": 1160265, "setUrl": "https://www.iqon.jp/sets/1160265", "likeCount": "397", "items": [{"imgUrl": "https://img.iqon.jp/items/2830029/2830029_m.jpg", "price": "\u00a55,040"}, {"imgUrl": "https://img.iqon.jp/items/2598807/2598807_m.jpg", "price": "\u00a56,825"}, {"imgUrl": "https://img.iqon.jp/items/2862675/2862675_m.jpg", "price": "\u00a52,205"}, {"imgUrl": "https://img.iqon.jp/items/2863277/2863277_m.jpg", "price": "\u00a51,026"}, {"imgUrl": "https://img.iqon.jp/items/2866510/2866510_m.jpg", "price": "\u00a55,767"}, {"imgUrl": "https://img.iqon.jp/items/2842906/2842906_m.jpg", "price": "\u00a520,520"}]}