{"settId": 1160015, "setUrl": "https://www.iqon.jp/sets/1160015", "likeCount": "247", "items": [{"imgUrl": "https://img.iqon.jp/items/2826618/2826618_m.jpg", "price": "\u00a523,760"}, {"imgUrl": "https://img.iqon.jp/items/2865896/2865896_m.jpg", "price": "\u00a517,064"}, {"imgUrl": "https://img.iqon.jp/items/2863750/2863750_m.jpg", "price": "\u00a56,195"}, {"imgUrl": "https://img.iqon.jp/items/2864464/2864464_m.jpg", "price": "\u00a51,995"}, {"imgUrl": "https://img.iqon.jp/items/2865115/2865115_m.jpg", "price": "\u00a55,500"}]}