{"settId": 1160993, "setUrl": "https://www.iqon.jp/sets/1160993", "likeCount": "156", "items": [{"imgUrl": "https://img.iqon.jp/items/1440016/1440016_m.jpg", "price": "\u00a516,800"}, {"imgUrl": "https://img.iqon.jp/items/2672788/2672788_m.jpg", "price": "\u00a52,980"}, {"imgUrl": "https://img.iqon.jp/items/2870152/2870152_m.jpg", "price": "\u00a53,780"}, {"imgUrl": "https://img.iqon.jp/items/2869799/2869799_m.jpg", "price": "\u00a53,589"}, {"imgUrl": "https://img.iqon.jp/items/2827305/2827305_m.jpg", "price": "\u00a53,990"}]}