{"settId": 1162052, "setUrl": "https://www.iqon.jp/sets/1162052", "likeCount": "407", "items": [{"imgUrl": "https://img.iqon.jp/items/2608103/2608103_m.jpg", "price": "\u00a525,920"}, {"imgUrl": "https://img.iqon.jp/items/2573859/2573859_m.jpg", "price": "\u00a56,912"}, {"imgUrl": "https://img.iqon.jp/items/2644565/2644565_m.jpg", "price": "\u00a52,689"}, {"imgUrl": "https://img.iqon.jp/items/2778037/2778037_m.jpg", "price": "\u00a55,990"}, {"imgUrl": "https://img.iqon.jp/items/2808869/2808869_m.jpg", "price": "\u00a511,880"}, {"imgUrl": "https://img.iqon.jp/items/2806345/2806345_m.jpg", "price": "\u00a53,990"}]}