{"settId": 1164247, "setUrl": "https://www.iqon.jp/sets/1164247", "likeCount": "201", "items": [{"imgUrl": "https://img.iqon.jp/items/2877443/2877443_m.jpg", "price": "\u00a516,200"}, {"imgUrl": "https://img.iqon.jp/items/2851512/2851512_m.jpg", "price": "\u00a53,024"}, {"imgUrl": "https://img.iqon.jp/items/2813716/2813716_m.jpg", "price": "\u00a59,500"}, {"imgUrl": "https://img.iqon.jp/items/2843037/2843037_m.jpg", "price": "\u00a51,263"}, {"imgUrl": "https://img.iqon.jp/items/2877456/2877456_m.jpg", "price": "\u00a520,520"}]}