{"settId": 1166637, "setUrl": "https://www.iqon.jp/sets/1166637", "likeCount": "190", "items": [{"imgUrl": "https://img.iqon.jp/items/2873256/2873256_m.jpg", "price": "\u00a530,240"}, {"imgUrl": "https://img.iqon.jp/items/2761072/2761072_m.jpg", "price": "\u00a55,981"}, {"imgUrl": "https://img.iqon.jp/items/2883560/2883560_m.jpg", "price": "\u00a55,130"}, {"imgUrl": "https://img.iqon.jp/items/2885365/2885365_m.jpg", "price": "\u00a5874"}, {"imgUrl": "https://img.iqon.jp/items/2883533/2883533_m.jpg", "price": "\u00a51,728"}]}