{"settId": 1168079, "setUrl": "https://www.iqon.jp/sets/1168079", "likeCount": "206", "items": [{"imgUrl": "https://img.iqon.jp/items/2731730/2731730_m.jpg", "price": "\u00a52,109"}, {"imgUrl": "https://img.iqon.jp/items/2877442/2877442_m.jpg", "price": "\u00a516,200"}, {"imgUrl": "https://img.iqon.jp/items/2599871/2599871_m.jpg", "price": "\u00a514,700"}, {"imgUrl": "https://img.iqon.jp/items/2710561/2710561_m.jpg", "price": "\u00a515,120"}, {"imgUrl": "https://img.iqon.jp/items/2763988/2763988_m.jpg", "price": "\u00a52,700"}]}