{"settId": 1169588, "setUrl": "https://www.iqon.jp/sets/1169588", "likeCount": "192", "items": [{"imgUrl": "https://img.iqon.jp/items/2902620/2902620_m.jpg", "price": "\u00a511,880"}, {"imgUrl": "https://img.iqon.jp/items/2899530/2899530_m.jpg", "price": "\u00a534,020"}, {"imgUrl": "https://img.iqon.jp/items/2899616/2899616_m.jpg", "price": "\u00a55,724"}, {"imgUrl": "https://img.iqon.jp/items/2899401/2899401_m.jpg", "price": "\u00a52,495"}, {"imgUrl": "https://img.iqon.jp/items/2897216/2897216_m.jpg", "price": "\u00a52,058"}, {"imgUrl": "https://img.iqon.jp/items/2580480/2580480_m.jpg", "price": "\u00a54,860"}]}