{"settId": 1170963, "setUrl": "https://www.iqon.jp/sets/1170963", "likeCount": "154", "items": [{"imgUrl": "https://img.iqon.jp/items/2694100/2694100_m.jpg", "price": "\u00a517,280"}, {"imgUrl": "https://img.iqon.jp/items/2891085/2891085_m.jpg", "price": "\u00a52,730"}, {"imgUrl": "https://img.iqon.jp/items/2881384/2881384_m.jpg", "price": "\u00a513,824"}, {"imgUrl": "https://img.iqon.jp/items/2889183/2889183_m.jpg", "price": "\u00a53,465"}, {"imgUrl": "https://img.iqon.jp/items/2891908/2891908_m.jpg", "price": "\u00a517,850"}, {"imgUrl": "https://img.iqon.jp/items/2890876/2890876_m.jpg", "price": "\u00a5972"}, {"imgUrl": "https://img.iqon.jp/items/2791598/2791598_m.jpg", "price": "\u00a51,404"}]}