{"settId": 1172355, "setUrl": "https://www.iqon.jp/sets/1172355", "likeCount": "557", "items": [{"imgUrl": "https://img.iqon.jp/items/2887263/2887263_m.jpg", "price": "\u00a53,148"}, {"imgUrl": "https://img.iqon.jp/items/2899565/2899565_m.jpg", "price": "\u00a517,280"}, {"imgUrl": "https://img.iqon.jp/items/2715128/2715128_m.jpg", "price": "\u00a520,000"}, {"imgUrl": "https://img.iqon.jp/items/2888244/2888244_m.jpg", "price": "\u00a523,100"}, {"imgUrl": "https://img.iqon.jp/items/2826734/2826734_m.jpg", "price": "\u00a517,280"}]}