{"settId": 1174321, "setUrl": "https://www.iqon.jp/sets/1174321", "likeCount": "200", "items": [{"imgUrl": "https://img.iqon.jp/items/2915513/2915513_m.jpg", "price": "\u00a519,224"}, {"imgUrl": "https://img.iqon.jp/items/2858978/2858978_m.jpg", "price": "\u00a55,184"}, {"imgUrl": "https://img.iqon.jp/items/2906454/2906454_m.jpg", "price": "\u00a51,470"}, {"imgUrl": "https://img.iqon.jp/items/2710561/2710561_m.jpg", "price": "\u00a515,120"}, {"imgUrl": "https://img.iqon.jp/items/2919867/2919867_m.jpg", "price": "\u00a56,161"}]}