{"settId": 1174759, "setUrl": "https://www.iqon.jp/sets/1174759", "likeCount": "420", "items": [{"imgUrl": "https://img.iqon.jp/items/2914947/2914947_m.jpg", "price": "\u00a552,500"}, {"imgUrl": "https://img.iqon.jp/items/2830317/2830317_m.jpg", "price": "\u00a53,024"}, {"imgUrl": "https://img.iqon.jp/items/2912410/2912410_m.jpg", "price": "\u00a58,532"}, {"imgUrl": "https://img.iqon.jp/items/2914711/2914711_m.jpg", "price": "\u00a51,260"}, {"imgUrl": "https://img.iqon.jp/items/2914712/2914712_m.jpg", "price": "\u00a51,296"}, {"imgUrl": "https://img.iqon.jp/items/2914714/2914714_m.jpg", "price": "\u00a51,296"}]}