{"settId": 1175090, "setUrl": "https://www.iqon.jp/sets/1175090", "likeCount": "184", "items": [{"imgUrl": "https://img.iqon.jp/items/2894228/2894228_m.jpg", "price": "\u00a51,998"}, {"imgUrl": "https://img.iqon.jp/items/2907455/2907455_m.jpg", "price": "\u00a58,100"}, {"imgUrl": "https://img.iqon.jp/items/2890984/2890984_m.jpg", "price": "\u00a514,040"}, {"imgUrl": "https://img.iqon.jp/items/2879268/2879268_m.jpg", "price": "\u00a51,296"}, {"imgUrl": "https://img.iqon.jp/items/2899384/2899384_m.jpg", "price": "\u00a51,495"}, {"imgUrl": "https://img.iqon.jp/items/2907469/2907469_m.jpg", "price": "\u00a53,240"}]}