{"settId": 1178928, "setUrl": "https://www.iqon.jp/sets/1178928", "likeCount": "215", "items": [{"imgUrl": "https://img.iqon.jp/items/2736799/2736799_m.jpg", "price": "\u00a58,925"}, {"imgUrl": "https://img.iqon.jp/items/2891950/2891950_m.jpg", "price": "\u00a56,982"}, {"imgUrl": "https://img.iqon.jp/items/2891908/2891908_m.jpg", "price": "\u00a517,850"}, {"imgUrl": "https://img.iqon.jp/items/2882458/2882458_m.jpg", "price": "\u00a54,725"}, {"imgUrl": "https://img.iqon.jp/items/2890546/2890546_m.jpg", "price": "\u00a53,360"}]}