{"settId": 1180104, "setUrl": "https://www.iqon.jp/sets/1180104", "likeCount": "165", "items": [{"imgUrl": "https://img.iqon.jp/items/2897331/2897331_m.jpg", "price": "\u00a53,990"}, {"imgUrl": "https://img.iqon.jp/items/1440016/1440016_m.jpg", "price": "\u00a516,800"}, {"imgUrl": "https://img.iqon.jp/items/2914475/2914475_m.jpg", "price": "\u00a53,477"}, {"imgUrl": "https://img.iqon.jp/items/2915878/2915878_m.jpg", "price": "\u00a52,793"}, {"imgUrl": "https://img.iqon.jp/items/2918027/2918027_m.jpg", "price": "\u00a510,290"}, {"imgUrl": "https://img.iqon.jp/items/2915513/2915513_m.jpg", "price": "\u00a519,224"}]}