{"settId": 1180936, "setUrl": "https://www.iqon.jp/sets/1180936", "likeCount": "284", "items": [{"imgUrl": "https://img.iqon.jp/items/2907452/2907452_m.jpg", "price": "\u00a519,440"}, {"imgUrl": "https://img.iqon.jp/items/2859365/2859365_m.jpg", "price": "\u00a528,080"}, {"imgUrl": "https://img.iqon.jp/items/2651735/2651735_m.jpg", "price": "\u00a520,520"}, {"imgUrl": "https://img.iqon.jp/items/2900833/2900833_m.jpg", "price": "\u00a510,800"}, {"imgUrl": "https://img.iqon.jp/items/2909663/2909663_m.jpg", "price": "\u00a57,020"}, {"imgUrl": "https://img.iqon.jp/items/2903086/2903086_m.jpg", "price": "\u00a527,000"}]}