{"settId": 1180688, "setUrl": "https://www.iqon.jp/sets/1180688", "likeCount": "304", "items": [{"imgUrl": "https://img.iqon.jp/items/2850958/2850958_m.jpg", "price": "\u00a59,975"}, {"imgUrl": "https://img.iqon.jp/items/2921957/2921957_m.jpg", "price": "\u00a518,690"}, {"imgUrl": "https://img.iqon.jp/items/2923084/2923084_m.jpg", "price": "\u00a59,975"}, {"imgUrl": "https://img.iqon.jp/items/2924391/2924391_m.jpg", "price": "\u00a52,961"}, {"imgUrl": "https://img.iqon.jp/items/2921227/2921227_m.jpg", "price": "\u00a51,620"}, {"imgUrl": "https://img.iqon.jp/items/2897622/2897622_m.jpg", "price": "\u00a52,106"}]}