{"settId": 1181045, "setUrl": "https://www.iqon.jp/sets/1181045", "likeCount": "200", "items": [{"imgUrl": "https://img.iqon.jp/items/2843737/2843737_m.jpg", "price": "\u00a51,782"}, {"imgUrl": "https://img.iqon.jp/items/2865004/2865004_m.jpg", "price": "\u00a56,156"}, {"imgUrl": "https://img.iqon.jp/items/2879357/2879357_m.jpg", "price": "\u00a51,350"}, {"imgUrl": "https://img.iqon.jp/items/2874317/2874317_m.jpg", "price": "\u00a514,904"}, {"imgUrl": "https://img.iqon.jp/items/2879233/2879233_m.jpg", "price": "\u00a51,620"}]}