{"settId": 1181790, "setUrl": "https://www.iqon.jp/sets/1181790", "likeCount": "198", "items": [{"imgUrl": "https://img.iqon.jp/items/2851489/2851489_m.jpg", "price": "\u00a524,840"}, {"imgUrl": "https://img.iqon.jp/items/2583339/2583339_m.jpg", "price": "\u00a56,825"}, {"imgUrl": "https://img.iqon.jp/items/2907444/2907444_m.jpg", "price": "\u00a57,776"}, {"imgUrl": "https://img.iqon.jp/items/2925955/2925955_m.jpg", "price": "\u00a55,184"}, {"imgUrl": "https://img.iqon.jp/items/2924367/2924367_m.jpg", "price": "\u00a52,160"}]}