{"settId": 1182986, "setUrl": "https://www.iqon.jp/sets/1182986", "likeCount": "360", "items": [{"imgUrl": "https://img.iqon.jp/items/2934355/2934355_m.jpg", "price": "\u00a512,960"}, {"imgUrl": "https://img.iqon.jp/items/2934339/2934339_m.jpg", "price": "\u00a510,584"}, {"imgUrl": "https://img.iqon.jp/items/2918621/2918621_m.jpg", "price": "\u00a59,800"}, {"imgUrl": "https://img.iqon.jp/items/2899527/2899527_m.jpg", "price": "\u00a549,680"}, {"imgUrl": "https://img.iqon.jp/items/2934265/2934265_m.jpg", "price": "\u00a516,200"}, {"imgUrl": "https://img.iqon.jp/items/2922477/2922477_m.jpg", "price": "\u00a546,440"}]}