{"settId": 1183062, "setUrl": "https://www.iqon.jp/sets/1183062", "likeCount": "426", "items": [{"imgUrl": "https://img.iqon.jp/items/2930454/2930454_m.jpg", "price": "\u00a517,820"}, {"imgUrl": "https://img.iqon.jp/items/2760972/2760972_m.jpg", "price": "\u00a54,980"}, {"imgUrl": "https://img.iqon.jp/items/2935391/2935391_m.jpg", "price": "\u00a510,584"}, {"imgUrl": "https://img.iqon.jp/items/2929456/2929456_m.jpg", "price": "\u00a51,832"}, {"imgUrl": "https://img.iqon.jp/items/2912683/2912683_m.jpg", "price": "\u00a56,372"}, {"imgUrl": "https://img.iqon.jp/items/2912052/2912052_m.jpg", "price": "\u00a51,680"}]}