{"settId": 1183325, "setUrl": "https://www.iqon.jp/sets/1183325", "likeCount": "442", "items": [{"imgUrl": "https://img.iqon.jp/items/2934779/2934779_m.jpg", "price": "\u00a510,584"}, {"imgUrl": "https://img.iqon.jp/items/2920758/2920758_m.jpg", "price": "\u00a57,980"}, {"imgUrl": "https://img.iqon.jp/items/2918137/2918137_m.jpg", "price": "\u00a53,900"}, {"imgUrl": "https://img.iqon.jp/items/2889642/2889642_m.jpg", "price": "\u00a517,850"}, {"imgUrl": "https://img.iqon.jp/items/2695562/2695562_m.jpg", "price": "\u00a56,804"}, {"imgUrl": "https://img.iqon.jp/items/2908608/2908608_m.jpg", "price": "\u00a52,480"}]}