{"settId": 1184152, "setUrl": "https://www.iqon.jp/sets/1184152", "likeCount": "384", "items": [{"imgUrl": "https://img.iqon.jp/items/2729677/2729677_m.jpg", "price": "\u00a55,391"}, {"imgUrl": "https://img.iqon.jp/items/2928513/2928513_m.jpg", "price": "\u00a52,990"}, {"imgUrl": "https://img.iqon.jp/items/2729704/2729704_m.jpg", "price": "\u00a54,990"}, {"imgUrl": "https://img.iqon.jp/items/2877413/2877413_m.jpg", "price": "\u00a52,980"}, {"imgUrl": "https://img.iqon.jp/items/2877412/2877412_m.jpg", "price": "\u00a51,480"}]}