{"settId": 1185418, "setUrl": "https://www.iqon.jp/sets/1185418", "likeCount": "182", "items": [{"imgUrl": "https://img.iqon.jp/items/2760972/2760972_m.jpg", "price": "\u00a54,980"}, {"imgUrl": "https://img.iqon.jp/items/2914926/2914926_m.jpg", "price": "\u00a520,844"}, {"imgUrl": "https://img.iqon.jp/items/2931408/2931408_m.jpg", "price": "\u00a59,072"}, {"imgUrl": "https://img.iqon.jp/items/2896424/2896424_m.jpg", "price": "\u00a57,245"}, {"imgUrl": "https://img.iqon.jp/items/2673879/2673879_m.jpg", "price": "\u00a522,680"}]}