{"settId": 1185615, "setUrl": "https://www.iqon.jp/sets/1185615", "likeCount": "322", "items": [{"imgUrl": "https://img.iqon.jp/items/2908622/2908622_m.jpg", "price": "\u00a520,520"}, {"imgUrl": "https://img.iqon.jp/items/2930036/2930036_m.jpg", "price": "\u00a55,734"}, {"imgUrl": "https://img.iqon.jp/items/2935159/2935159_m.jpg", "price": "\u00a52,484"}, {"imgUrl": "https://img.iqon.jp/items/2916738/2916738_m.jpg", "price": "\u00a516,800"}, {"imgUrl": "https://img.iqon.jp/items/2936527/2936527_m.jpg", "price": "\u00a52,916"}]}