{"settId": 1187132, "setUrl": "https://www.iqon.jp/sets/1187132", "likeCount": "213", "items": [{"imgUrl": "https://img.iqon.jp/items/2938476/2938476_m.jpg", "price": "\u00a55,076"}, {"imgUrl": "https://img.iqon.jp/items/2916104/2916104_m.jpg", "price": "\u00a55,985"}, {"imgUrl": "https://img.iqon.jp/items/2919839/2919839_m.jpg", "price": "\u00a54,104"}, {"imgUrl": "https://img.iqon.jp/items/2928333/2928333_m.jpg", "price": "\u00a56,151"}, {"imgUrl": "https://img.iqon.jp/items/2938525/2938525_m.jpg", "price": "\u00a52,376"}, {"imgUrl": "https://img.iqon.jp/items/2938984/2938984_m.jpg", "price": "\u00a54,212"}]}