{"settId": 1187912, "setUrl": "https://www.iqon.jp/sets/1187912", "likeCount": "168", "items": [{"imgUrl": "https://img.iqon.jp/items/2934387/2934387_m.jpg", "price": "\u00a52,268"}, {"imgUrl": "https://img.iqon.jp/items/2908582/2908582_m.jpg", "price": "\u00a513,490"}, {"imgUrl": "https://img.iqon.jp/items/2736846/2736846_m.jpg", "price": "\u00a55,130"}, {"imgUrl": "https://img.iqon.jp/items/2938984/2938984_m.jpg", "price": "\u00a54,212"}, {"imgUrl": "https://img.iqon.jp/items/2935101/2935101_m.jpg", "price": "\u00a53,175"}, {"imgUrl": "https://img.iqon.jp/items/2863282/2863282_m.jpg", "price": "\u00a56,966"}]}