{"settId": 1188716, "setUrl": "https://www.iqon.jp/sets/1188716", "likeCount": "159", "items": [{"imgUrl": "https://img.iqon.jp/items/2914429/2914429_m.jpg", "price": "\u00a59,072"}, {"imgUrl": "https://img.iqon.jp/items/2786705/2786705_m.jpg", "price": "\u00a515,120"}, {"imgUrl": "https://img.iqon.jp/items/2924735/2924735_m.jpg", "price": "\u00a53,780"}, {"imgUrl": "https://img.iqon.jp/items/2889033/2889033_m.jpg", "price": "\u00a510,800"}, {"imgUrl": "https://img.iqon.jp/items/2921757/2921757_m.jpg", "price": "\u00a512,000"}, {"imgUrl": "https://img.iqon.jp/items/2915632/2915632_m.jpg", "price": "\u00a51,296"}, {"imgUrl": "https://img.iqon.jp/items/2938357/2938357_m.jpg", "price": "\u00a514,688"}, {"imgUrl": "https://img.iqon.jp/items/2908631/2908631_m.jpg", "price": "\u00a518,144"}]}