{"settId": 1190820, "setUrl": "https://www.iqon.jp/sets/1190820", "likeCount": "360", "items": [{"imgUrl": "https://img.iqon.jp/items/2928545/2928545_m.jpg", "price": "\u00a54,471"}, {"imgUrl": "https://img.iqon.jp/items/2938378/2938378_m.jpg", "price": "\u00a520,520"}, {"imgUrl": "https://img.iqon.jp/items/2871840/2871840_m.jpg", "price": "\u00a57,452"}, {"imgUrl": "https://img.iqon.jp/items/2941191/2941191_m.jpg", "price": "\u00a517,640"}, {"imgUrl": "https://img.iqon.jp/items/2940966/2940966_m.jpg", "price": "\u00a51,944"}]}