{"settId": 1190857, "setUrl": "https://www.iqon.jp/sets/1190857", "likeCount": "1150", "items": [{"imgUrl": "https://img.iqon.jp/items/2712239/2712239_m.jpg", "price": "\u00a529,700"}, {"imgUrl": "https://img.iqon.jp/items/2934384/2934384_m.jpg", "price": "\u00a520,520"}, {"imgUrl": "https://img.iqon.jp/items/2915301/2915301_m.jpg", "price": "\u00a537,800"}, {"imgUrl": "https://img.iqon.jp/items/2910892/2910892_m.jpg", "price": "\u00a520,520"}, {"imgUrl": "https://img.iqon.jp/items/2903134/2903134_m.jpg", "price": "\u00a511,880"}]}