{"settId": 1190875, "setUrl": "https://www.iqon.jp/sets/1190875", "likeCount": "152", "items": [{"imgUrl": "https://img.iqon.jp/items/2922857/2922857_m.jpg", "price": "\u00a52,467"}, {"imgUrl": "https://img.iqon.jp/items/2894601/2894601_m.jpg", "price": "\u00a51,575"}, {"imgUrl": "https://img.iqon.jp/items/2620159/2620159_m.jpg", "price": "\u00a51,641"}, {"imgUrl": "https://img.iqon.jp/items/2798494/2798494_m.jpg", "price": "\u00a58,532"}, {"imgUrl": "https://img.iqon.jp/items/2637420/2637420_m.jpg", "price": "\u00a51,252"}]}